{
    "type": "metrics",
    "dataset": "train",
    "precision": 0.995463823996371,
    "balanced_accuracy": 0.9638282255634979,
    "recall": 0.9288888888888889,
    "f1_score": 0.9610247427195096
}
{
    "type": "cm_matrix",
    "dataset": "train",
    "true_0": {
        "predicted_0": 16208,
        "predicted_1": 20
    },
    "true_1": {
        "predicted_0": 336,
        "predicted_1": 4389
    }
}
{
    "type": "metrics",
    "dataset": "test",
    "precision": 0.6498344370860927,
    "balanced_accuracy": 0.6760262004587446,
    "recall": 0.4118572927597062,
    "f1_score": 0.50417469492614
}
{
    "type": "cm_matrix",
    "dataset": "test",
    "true_0": {
        "predicted_0": 6650,
        "predicted_1": 423
    },
    "true_1": {
        "predicted_0": 1121,
        "predicted_1": 785
    }
}
